{"coco/bbox_mAP": 0.179, "coco/bbox_mAP_50": 0.424, "coco/bbox_mAP_75": 0.212, "coco/bbox_mAP_s": -1.0, "coco/bbox_mAP_m": 0.214, "coco/bbox_mAP_l": 0.223, "data_time": 2.987450933456421, "time": 3.2721152305603027}