{"base_lr": 8.288288288288289e-06, "lr": 8.288288288288289e-06, "data_time": 1.4330856323242187, "loss": 2.4565176010131835, "loss_cls": 1.1030470848083496, "loss_bbox": 1.353470540046692, "time": 99.41846561431885, "epoch": 1, "iter": 5, "memory": 16682, "step": 5}
{"base_lr": 8.648648648648651e-06, "lr": 8.648648648648651e-06, "data_time": 0.7198520183563233, "loss": 2.391782808303833, "loss_cls": 1.0761220514774323, "loss_bbox": 1.3156607747077942, "time": 57.29581751823425, "epoch": 1, "iter": 10, "memory": 16762, "step": 10}
{"base_lr": 9.00900900900901e-06, "lr": 9.00900900900901e-06, "data_time": 0.48179508845011393, "loss": 2.331617259979248, "loss_cls": 1.0557300845781963, "loss_bbox": 1.2758871873219808, "time": 43.25541787147522, "epoch": 1, "iter": 15, "memory": 16284, "step": 15}
{"base_lr": 9.369369369369371e-06, "lr": 9.369369369369371e-06, "data_time": 0.36307941675186156, "loss": 2.264895570278168, "loss_cls": 1.0261350691318512, "loss_bbox": 1.2387605130672454, "time": 36.2145410656929, "epoch": 1, "iter": 20, "memory": 16651, "step": 20}
{"data_time": 1.1121428966522218, "time": 2.090949010848999, "step": 1}
{"base_lr": 9.8018018018018e-06, "lr": 9.8018018018018e-06, "data_time": 0.29211305654965913, "loss": 2.199885918543889, "loss_cls": 0.9917594675834362, "loss_bbox": 1.2081264624228845, "time": 31.42969111295847, "epoch": 2, "iter": 26, "memory": 16814, "step": 26}
{"base_lr": 1.0162162162162162e-05, "lr": 1.0162162162162162e-05, "data_time": 0.24590147695233744, "loss": 2.1408061712018904, "loss_cls": 0.9632855788353951, "loss_bbox": 1.1775206096710698, "time": 29.39364278701044, "epoch": 2, "iter": 31, "memory": 16034, "step": 31}
{"base_lr": 1.0522522522522523e-05, "lr": 1.0522522522522523e-05, "data_time": 0.2125581701596578, "loss": 2.08861600028144, "loss_cls": 0.9335218601756625, "loss_bbox": 1.155094153351254, "time": 28.27239092853334, "epoch": 2, "iter": 36, "memory": 16658, "step": 36}
{"base_lr": 1.0882882882882883e-05, "lr": 1.0882882882882883e-05, "data_time": 0.1872998388802133, "loss": 2.0362051027577097, "loss_cls": 0.9050783907494894, "loss_bbox": 1.1311267265459386, "time": 27.43788014388666, "epoch": 2, "iter": 41, "memory": 16626, "step": 41}
{"coco/bbox_mAP": 0.01, "coco/bbox_mAP_50": 0.037, "coco/bbox_mAP_75": 0.002, "coco/bbox_mAP_s": -1.0, "coco/bbox_mAP_m": 0.007, "coco/bbox_mAP_l": 0.011, "data_time": 0.01136938730875651, "time": 0.6100324789683024, "step": 2}
{"base_lr": 1.1315315315315315e-05, "lr": 1.1315315315315315e-05, "data_time": 0.1691362756363889, "loss": 1.9774876427143178, "loss_cls": 0.8695472586662212, "loss_bbox": 1.1079403986322118, "time": 26.33625981148253, "epoch": 3, "iter": 47, "memory": 16198, "step": 47}
{"base_lr": 1.1675675675675675e-05, "lr": 1.1675675675675675e-05, "data_time": 0.016523447036743164, "loss": 1.9043436551094055, "loss_cls": 0.8305970335006714, "loss_bbox": 1.0737466371059419, "time": 18.22026973724365, "epoch": 3, "iter": 52, "memory": 16815, "step": 52}
{"base_lr": 1.2036036036036037e-05, "lr": 1.2036036036036037e-05, "data_time": 0.016421456336975098, "loss": 1.8050267481803894, "loss_cls": 0.7733674436807633, "loss_bbox": 1.0316593170166015, "time": 19.24559488773346, "epoch": 3, "iter": 57, "memory": 16411, "step": 57}
{"base_lr": 1.2396396396396396e-05, "lr": 1.2396396396396396e-05, "data_time": 0.016354804039001466, "loss": 1.6988267755508424, "loss_cls": 0.7143571501970292, "loss_bbox": 0.9844696390628814, "time": 20.24962607860565, "epoch": 3, "iter": 62, "memory": 16173, "step": 62}
{"coco/bbox_mAP": 0.015, "coco/bbox_mAP_50": 0.053, "coco/bbox_mAP_75": 0.005, "coco/bbox_mAP_s": -1.0, "coco/bbox_mAP_m": 0.006, "coco/bbox_mAP_l": 0.018, "data_time": 0.01273647944132487, "time": 0.8448762893676758, "step": 3}
{"base_lr": 1.2828828828828828e-05, "lr": 1.2828828828828828e-05, "data_time": 0.021374883651733397, "loss": 1.5942522549629212, "loss_cls": 0.6549242651462555, "loss_bbox": 0.9393280029296875, "time": 21.016829314231874, "epoch": 4, "iter": 68, "memory": 16422, "step": 68}
{"base_lr": 1.318918918918919e-05, "lr": 1.318918918918919e-05, "data_time": 0.015387578010559082, "loss": 1.514505581855774, "loss_cls": 0.6068711030483246, "loss_bbox": 0.9076344919204712, "time": 22.06500127315521, "epoch": 4, "iter": 73, "memory": 16231, "step": 73}
{"base_lr": 1.3549549549549549e-05, "lr": 1.3549549549549549e-05, "data_time": 0.015407814979553222, "loss": 1.442196228504181, "loss_cls": 0.5663161420822144, "loss_bbox": 0.8758800983428955, "time": 23.188323860168456, "epoch": 4, "iter": 78, "memory": 16793, "step": 78}
{"base_lr": 1.3909909909909906e-05, "lr": 1.3909909909909906e-05, "data_time": 0.01542686939239502, "loss": 1.375422818660736, "loss_cls": 0.5296360379457474, "loss_bbox": 0.8457867884635926, "time": 24.993456139564515, "epoch": 4, "iter": 83, "memory": 15982, "step": 83}
{"coco/bbox_mAP": 0.035, "coco/bbox_mAP_50": 0.131, "coco/bbox_mAP_75": 0.004, "coco/bbox_mAP_s": -1.0, "coco/bbox_mAP_m": 0.011, "coco/bbox_mAP_l": 0.042, "data_time": 0.011502822240193685, "time": 1.0514596303304036, "step": 4}
{"base_lr": 1.4342342342342335e-05, "lr": 1.4342342342342335e-05, "data_time": 0.020924148559570314, "loss": 1.3022625708580018, "loss_cls": 0.4891501528024673, "loss_bbox": 0.8131124258041382, "time": 26.891306104660035, "epoch": 5, "iter": 89, "memory": 16660, "step": 89}
{"base_lr": 1.4702702702702697e-05, "lr": 1.4702702702702697e-05, "data_time": 0.016240487098693846, "loss": 1.2514426279067994, "loss_cls": 0.46505732238292696, "loss_bbox": 0.7863853085041046, "time": 28.69361807823181, "epoch": 5, "iter": 94, "memory": 16804, "step": 94}
{"base_lr": 1.5063063063063058e-05, "lr": 1.5063063063063058e-05, "data_time": 0.016238608360290528, "loss": 1.19245187997818, "loss_cls": 0.43510823309421537, "loss_bbox": 0.7573436498641968, "time": 30.837985396385193, "epoch": 5, "iter": 99, "memory": 16278, "step": 99}
{"base_lr": 1.542342342342342e-05, "lr": 1.542342342342342e-05, "data_time": 0.0161767578125, "loss": 1.157331725358963, "loss_cls": 0.41958152532577514, "loss_bbox": 0.7377502024173737, "time": 32.349212012290955, "epoch": 5, "iter": 104, "memory": 16232, "step": 104}
{"coco/bbox_mAP": 0.056, "coco/bbox_mAP_50": 0.19, "coco/bbox_mAP_75": 0.01, "coco/bbox_mAP_s": -1.0, "coco/bbox_mAP_m": 0.019, "coco/bbox_mAP_l": 0.068, "data_time": 0.012003103892008463, "time": 0.8115441799163818, "step": 5}
{"base_lr": 1.5855855855855858e-05, "lr": 1.5855855855855858e-05, "data_time": 0.02203720569610596, "loss": 1.121829071044922, "loss_cls": 0.40392357409000396, "loss_bbox": 0.7179054963588715, "time": 31.589314846992494, "epoch": 6, "iter": 110, "memory": 16266, "step": 110}
{"base_lr": 1.6216216216216218e-05, "lr": 1.6216216216216218e-05, "data_time": 0.016870107650756836, "loss": 1.090001494884491, "loss_cls": 0.3901331651210785, "loss_bbox": 0.6998683285713195, "time": 31.688862018585205, "epoch": 6, "iter": 115, "memory": 16173, "step": 115}
{"base_lr": 1.6576576576576578e-05, "lr": 1.6576576576576578e-05, "data_time": 0.01684628486633301, "loss": 1.0644963586330414, "loss_cls": 0.37926717817783356, "loss_bbox": 0.6852291774749756, "time": 33.07480962276459, "epoch": 6, "iter": 120, "memory": 16402, "step": 120}
{"base_lr": 1.693693693693694e-05, "lr": 1.693693693693694e-05, "data_time": 0.01680434703826904, "loss": 1.036749529838562, "loss_cls": 0.36931305050849916, "loss_bbox": 0.6674364745616913, "time": 33.51209079265595, "epoch": 6, "iter": 125, "memory": 16658, "step": 125}
{"coco/bbox_mAP": 0.085, "coco/bbox_mAP_50": 0.272, "coco/bbox_mAP_75": 0.019, "coco/bbox_mAP_s": -1.0, "coco/bbox_mAP_m": 0.027, "coco/bbox_mAP_l": 0.102, "data_time": 0.011502782503763834, "time": 0.8872697353363037, "step": 6}
{"base_lr": 1.7369369369369363e-05, "lr": 1.7369369369369363e-05, "data_time": 0.021186633110046385, "loss": 1.0171070408821106, "loss_cls": 0.3621423727273941, "loss_bbox": 0.6549646627902984, "time": 34.568814840316776, "epoch": 7, "iter": 131,