{"coco/bbox_mAP": 0.165, "coco/bbox_mAP_50": 0.36, "coco/bbox_mAP_75": 0.142, "coco/bbox_mAP_s": -1.0, "coco/bbox_mAP_m": 0.032, "coco/bbox_mAP_l": 0.26, "data_time": 1.801780891418457, "time": 2.0550931453704835}