{"coco/bbox_mAP": 0.302, "coco/bbox_mAP_50": 0.602, "coco/bbox_mAP_75": 0.344, "coco/bbox_mAP_s": -1.0, "coco/bbox_mAP_m": 0.238, "coco/bbox_mAP_l": 0.357, "data_time": 2.8911232471466066, "time": 3.2404056549072267}