{"base_lr": 3.555600000000001e-05, "lr": 3.555600000000001e-05, "data_time": 1.5869276523590088, "loss": 1.4133715510368348, "loss_cls": 0.9403531551361084, "loss_bbox": 0.47301835417747495, "time": 7.465322399139405, "epoch": 1, "iter": 5, "memory": 6589, "step": 5}
{"base_lr": 8.000000000000005e-05, "lr": 8.000000000000005e-05, "data_time": 0.7955363273620606, "loss": 1.0574459314346314, "loss_cls": 0.5866268366575241, "loss_bbox": 0.4708190768957138, "time": 6.709083008766174, "epoch": 1, "iter": 10, "memory": 7007, "step": 10}
{"base_lr": 8.000000000000005e-05, "lr": 8.000000000000005e-05, "data_time": 0.5319238980611165, "loss": 0.8864422837893168, "loss_cls": 0.4432090332110723, "loss_bbox": 0.4432332396507263, "time": 6.487197764714559, "epoch": 1, "iter": 15, "memory": 6802, "step": 15}
{"base_lr": 8.000000000000005e-05, "lr": 8.000000000000005e-05, "data_time": 0.40114340782165525, "loss": 0.8054722890257835, "loss_cls": 0.37518333122134206, "loss_bbox": 0.4302889481186867, "time": 6.961994731426239, "epoch": 1, "iter": 20, "memory": 7716, "step": 20}
{"coco/bbox_mAP": 0.235, "coco/bbox_mAP_50": 0.487, "coco/bbox_mAP_75": 0.203, "coco/bbox_mAP_s": -1.0, "coco/bbox_mAP_m": 0.025, "coco/bbox_mAP_l": 0.352, "data_time": 1.1954649925231933, "time": 1.4922509670257569, "step": 1}
{"base_lr": 8.000000000000005e-05, "lr": 8.000000000000005e-05, "data_time": 0.31938205315516544, "loss": 0.7597987044316071, "loss_cls": 0.3318808497144626, "loss_bbox": 0.42791784841280717, "time": 7.530855802389292, "epoch": 2, "iter": 26, "memory": 7021, "step": 26}
{"base_lr": 8.000000000000005e-05, "lr": 8.000000000000005e-05, "data_time": 0.268643279229441, "loss": 0.7164882604152926, "loss_cls": 0.29972647995718066, "loss_bbox": 0.41676177709333356, "time": 7.584759612237254, "epoch": 2, "iter": 31, "memory": 6576, "step": 31}
{"base_lr": 8.000000000000005e-05, "lr": 8.000000000000005e-05, "data_time": 0.23199860254923502, "loss": 0.6737703929344813, "loss_cls": 0.27325538276798195, "loss_bbox": 0.4005150083038542, "time": 8.06295378340615, "epoch": 2, "iter": 36, "memory": 6578, "step": 36}
{"base_lr": 8.000000000000005e-05, "lr": 8.000000000000005e-05, "data_time": 0.2042428516760105, "loss": 0.6468540604521589, "loss_cls": 0.2542980585883303, "loss_bbox": 0.39255600004661373, "time": 8.532212722592238, "epoch": 2, "iter": 41, "memory": 7039, "step": 41}
{"coco/bbox_mAP": 0.238, "coco/bbox_mAP_50": 0.475, "coco/bbox_mAP_75": 0.226, "coco/bbox_mAP_s": -1.0, "coco/bbox_mAP_m": 0.019, "coco/bbox_mAP_l": 0.357, "data_time": 0.010835925738016764, "time": 0.19709165891011557, "step": 2}
{"base_lr": 8.000000000000005e-05, "lr": 8.000000000000005e-05, "data_time": 0.1846175751787551, "loss": 0.6162740099937358, "loss_cls": 0.23506232668110666, "loss_bbox": 0.3812116822029682, "time": 8.537352876460298, "epoch": 3, "iter": 47, "memory": 6789, "step": 47}
{"base_lr": 8.000000000000005e-05, "lr": 8.000000000000005e-05, "data_time": 0.015607986450195312, "loss": 0.5551170217990875, "loss_cls": 0.18481706097722053, "loss_bbox": 0.3702999615669251, "time": 8.56929310798645, "epoch": 3, "iter": 52, "memory": 6710, "step": 52}
{"base_lr": 8.000000000000005e-05, "lr": 8.000000000000005e-05, "data_time": 0.01564610004425049, "loss": 0.49169882118701935, "loss_cls": 0.13747280687093735, "loss_bbox": 0.35422601699829104, "time": 9.036224851608276, "epoch": 3, "iter": 57, "memory": 7268, "step": 57}
{"base_lr": 8.000000000000005e-05, "lr": 8.000000000000005e-05, "data_time": 0.015633063316345217, "loss": 0.4651257997751236, "loss_cls": 0.1270634961128235, "loss_bbox": 0.3380623060464859, "time": 9.846802668571472, "epoch": 3, "iter": 62, "memory": 8286, "step": 62}
{"coco/bbox_mAP": 0.26, "coco/bbox_mAP_50": 0.482, "coco/bbox_mAP_75": 0.257, "coco/bbox_mAP_s": -1.0, "coco/bbox_mAP_m": 0.036, "coco/bbox_mAP_l": 0.373, "data_time": 0.013002991676330566, "time": 0.21488149960835776, "step": 3}
{"base_lr": 8.000000000000005e-05, "lr": 8.000000000000005e-05, "data_time": 0.021425204277038576, "loss": 0.443261039853096, "loss_cls": 0.1185185220837593, "loss_bbox": 0.32474252074956894, "time": 10.213380823135376, "epoch": 4, "iter": 68, "memory": 6775, "step": 68}
{"base_lr": 8.000000000000005e-05, "lr": 8.000000000000005e-05, "data_time": 0.01640415668487549, "loss": 0.4223778510093689, "loss_cls": 0.10973938688635826, "loss_bbox": 0.31263846725225447, "time": 10.448947129249573, "epoch": 4, "iter": 73, "memory": 7010, "step": 73}
{"base_lr": 8.000000000000005e-05, "lr": 8.000000000000005e-05, "data_time": 0.01638406276702881, "loss": 0.4056092941761017, "loss_cls": 0.10293080016970635, "loss_bbox": 0.30267849534749985, "time": 10.785482563972472, "epoch": 4, "iter": 78, "memory": 6767, "step": 78}
{"base_lr": 8.000000000000005e-05, "lr": 8.000000000000005e-05, "data_time": 0.016323976516723633, "loss": 0.3950861066579819, "loss_cls": 0.09901362612843513, "loss_bbox": 0.29607248067855835, "time": 11.258148999214173, "epoch": 4, "iter": 83, "memory": 6950, "step": 83}
{"coco/bbox_mAP": 0.267, "coco/bbox_mAP_50": 0.502, "coco/bbox_mAP_75": 0.282, "coco/bbox_mAP_s": -1.0, "coco/bbox_mAP_m": 0.032, "coco/bbox_mAP_l": 0.394, "data_time": 0.01283729076385498, "time": 0.19904514153798422, "step": 4}
{"base_lr": 8.000000000000005e-05, "lr": 8.000000000000005e-05, "data_time": 0.022647299766540528, "loss": 0.3905046612024307, "loss_cls": 0.0972629290819168, "loss_bbox": 0.2932417315244675, "time": 11.234726338386535, "epoch": 5, "iter": 89, "memory": 6514, "step": 89}
{"base_lr": 8.000000000000005e-05, "lr": 8.000000000000005e-05, "data_time": 0.017146058082580566, "loss": 0.3841066414117813, "loss_cls": 0.0953032287210226, "loss_bbox": 0.28880341291427614, "time": 11.307071657180787, "epoch": 5, "iter": 94, "memory": 7031, "step": 94}
{"base_lr": 8.000000000000005e-05, "lr": 8.000000000000005e-05, "data_time": 0.017126059532165526, "loss": 0.37820941865444185, "loss_cls": 0.0932371198385954, "loss_bbox": 0.2849722990393639, "time": 11.553742351531982, "epoch": 5, "iter": 99, "memory": 6792, "step": 99}
{"base_lr": 8.000000000000005e-05, "lr": 8.000000000000005e-05, "data_time": 0.017106046676635744, "loss": 0.369706489443779, "loss_cls": 0.08999767236411571, "loss_bbox": 0.2797088176012039, "time": 12.148585686683655, "epoch": 5, "iter": 104, "memory": 8271, "step": 104}
{"coco/bbox_mAP": 0.264, "coco/bbox_mAP_50": 0.48, "coco/bbox_mAP_75": 0.27, "coco/bbox_mAP_s": -1.0, "coco/bbox_mAP_m": 0.023, "coco/bbox_mAP_l": 0.385, "data_time": 0.011669158935546875, "time": 0.2623971700668335, "step": 5}
{"base_lr": 7.972818320098987e-05, "lr": 7.972818320098987e-05, "data_time": 0.021246962547302246, "loss": 0.3643878549337387, "loss_cls": 0.08768075987696648, "loss_bbox": 0.27670709520578385, "time": 12.026628370285033, "epoch": 6, "iter": 110, "memory": 6568, "step": 110}
{"base_lr": 7.863058870644248e-05, "lr": 7.863058870644248e-05, "data_time": 0.015105628967285156, "loss": 0.3592515414953232, "loss_cls": 0.08554327130317688, "loss_bbox": 0.27370827049016955, "time": 11.926705126762391, "epoch": 6, "iter": 115, "memory": 6552, "step": 115}
{"base_lr": 7.671472739041886e-05, "lr": 7.671472739041886e-05, "data_time": 0.0151055908203125, "loss": 0.35313736081123354, "loss_cls": 0.08382841318845749, "loss_bbox": 0.26930894672870637, "time": 12.04596315383911, "epoch": 6, "iter": 120, "memory": 6991, "step": 120}
{"base_lr": 7.402339642885352e-05, "lr": 7.402339642885352e-05, "data_time": 0.015145602226257325, "loss": 0.3487424868345261, "loss_cls": 0.08222735486924648, "loss_bbox": 0.2665151312947273, "time": 12.110892138481141, "epoch": 6, "iter": 125, "memory": 9606, "step": 125}
{"coco/bbox_mAP": 0.282, "coco/bbox_mAP_50": 0.484, "coco/bbox_mAP_75": 0.313, "coco/bbox_mAP_s": -1.0, "coco/bbox_mAP_m": 0.028, "coco/bbox_mAP_l": 0.412, "data_time": 0.0111692746480306, "time": 0.21971571445465088, "step": 6}
{"base_lr": 6.985597112953344e-05, "lr": 6.985597112953344e-05,