{"coco/bbox_mAP": 0.218, "coco/bbox_mAP_50": 0.465, "coco/bbox_mAP_75": 0.176, "coco/bbox_mAP_s": -1.0, "coco/bbox_mAP_m": 0.131, "coco/bbox_mAP_l": 0.245, "data_time": 2.6150870323181152, "time": 3.694857883453369}