{"coco/bbox_mAP": 0.127, "coco/bbox_mAP_50": 0.348, "coco/bbox_mAP_75": 0.049, "coco/bbox_mAP_s": -1.0, "coco/bbox_mAP_m": 0.069, "coco/bbox_mAP_l": 0.148, "data_time": 2.671575355529785, "time": 3.8331858634948732}