{"base_lr": 3.555600000000001e-05, "lr": 3.555600000000001e-05, "data_time": 1.401918649673462, "loss": 2.5364734172821044, "loss_cls": 1.1413848400115967, "loss_bbox": 1.3950886011123658, "time": 115.38954720497131, "epoch": 1, "iter": 5, "memory": 16788, "step": 5}
{"base_lr": 8.000000000000005e-05, "lr": 8.000000000000005e-05, "data_time": 0.7041620254516602, "loss": 2.3188197374343873, "loss_cls": 1.0488521873950958, "loss_bbox": 1.2699675679206848, "time": 68.87509438991546, "epoch": 1, "iter": 10, "memory": 16395, "step": 10}
{"base_lr": 8.000000000000005e-05, "lr": 8.000000000000005e-05, "data_time": 0.4716416676839193, "loss": 2.092444968223572, "loss_cls": 0.9315458695093791, "loss_bbox": 1.1608991146087646, "time": 53.39795314470927, "epoch": 1, "iter": 15, "memory": 16204, "step": 15}
{"base_lr": 8.000000000000005e-05, "lr": 8.000000000000005e-05, "data_time": 0.3553829908370972, "loss": 1.8774721443653106, "loss_cls": 0.8194067403674126, "loss_bbox": 1.0580654174089432, "time": 45.61334874629974, "epoch": 1, "iter": 20, "memory": 16190, "step": 20}
{"coco/bbox_mAP": 0.012, "coco/bbox_mAP_50": 0.037, "coco/bbox_mAP_75": 0.001, "coco/bbox_mAP_s": -1.0, "coco/bbox_mAP_m": 0.007, "coco/bbox_mAP_l": 0.014, "data_time": 1.0849266529083252, "time": 2.0836947917938233, "step": 1}
{"base_lr": 8.000000000000005e-05, "lr": 8.000000000000005e-05, "data_time": 0.2853717803955078, "loss": 1.6962877145180335, "loss_cls": 0.7216205619848691, "loss_bbox": 0.9746671594106234, "time": 39.668350889132576, "epoch": 2, "iter": 26, "memory": 16411, "step": 26}
{"base_lr": 8.000000000000005e-05, "lr": 8.000000000000005e-05, "data_time": 0.24015081313348585, "loss": 1.5830320446721968, "loss_cls": 0.6604718700531991, "loss_bbox": 0.9225601803871893, "time": 36.842626671637255, "epoch": 2, "iter": 31, "memory": 16277, "step": 31}
{"base_lr": 8.000000000000005e-05, "lr": 8.000000000000005e-05, "data_time": 0.20746337705188328, "loss": 1.4968020634518728, "loss_cls": 0.6160469502210617, "loss_bbox": 0.880755118197865, "time": 34.81599503093295, "epoch": 2, "iter": 36, "memory": 16666, "step": 36}
{"base_lr": 8.000000000000005e-05, "lr": 8.000000000000005e-05, "data_time": 0.18274840494481528, "loss": 1.4268947607133446, "loss_cls": 0.5814970848036976, "loss_bbox": 0.8453976817247344, "time": 33.264991649767246, "epoch": 2, "iter": 41, "memory": 16672, "step": 41}
{"coco/bbox_mAP": 0.109, "coco/bbox_mAP_50": 0.319, "coco/bbox_mAP_75": 0.031, "coco/bbox_mAP_s": -1.0, "coco/bbox_mAP_m": 0.045, "coco/bbox_mAP_l": 0.13, "data_time": 0.013248483339945475, "time": 0.4099872907002767, "step": 2}
{"base_lr": 8.000000000000005e-05, "lr": 8.000000000000005e-05, "data_time": 0.16624863097008238, "loss": 1.3593165291116593, "loss_cls": 0.5474526863148872, "loss_bbox": 0.8118638472354158, "time": 31.51437290678633, "epoch": 3, "iter": 47, "memory": 16713, "step": 47}
{"base_lr": 8.000000000000005e-05, "lr": 8.000000000000005e-05, "data_time": 0.016821942329406737, "loss": 1.257116128206253, "loss_cls": 0.4987852954864502, "loss_bbox": 0.7583308362960816, "time": 21.511392970085144, "epoch": 3, "iter": 52, "memory": 16688, "step": 52}
{"base_lr": 8.000000000000005e-05, "lr": 8.000000000000005e-05, "data_time": 0.016641483306884766, "loss": 1.1026601898670196, "loss_cls": 0.4171724870800972, "loss_bbox": 0.6854877030849457, "time": 21.637794542312623, "epoch": 3, "iter": 57, "memory": 16097, "step": 57}
{"base_lr": 8.000000000000005e-05, "lr": 8.000000000000005e-05, "data_time": 0.016381540298461915, "loss": 0.9957777321338653, "loss_cls": 0.36354147106409074, "loss_bbox": 0.6322362577915192, "time": 21.60561725139618, "epoch": 3, "iter": 62, "memory": 16227, "step": 62}
{"coco/bbox_mAP": 0.139, "coco/bbox_mAP_50": 0.369, "coco/bbox_mAP_75": 0.075, "coco/bbox_mAP_s": -1.0, "coco/bbox_mAP_m": 0.068, "coco/bbox_mAP_l": 0.163, "data_time": 0.011833826700846354, "time": 0.45179609457651776, "step": 3}
{"base_lr": 8.000000000000005e-05, "lr": 8.000000000000005e-05, "data_time": 0.020700998306274414, "loss": 0.9116932928562165, "loss_cls": 0.3224015083909035, "loss_bbox": 0.5892917805910111, "time": 21.201764206886292, "epoch": 4, "iter": 68, "memory": 16196, "step": 68}
{"base_lr": 8.000000000000005e-05, "lr": 8.000000000000005e-05, "data_time": 0.015041003227233887, "loss": 0.8833367884159088, "loss_cls": 0.3105994409322739, "loss_bbox": 0.5727373415231705, "time": 21.464361958503723, "epoch": 4, "iter": 73, "memory": 16679, "step": 73}
{"base_lr": 8.000000000000005e-05, "lr": 8.000000000000005e-05, "data_time": 0.015041046142578125, "loss": 0.8574471068382263, "loss_cls": 0.3003955715894699, "loss_bbox": 0.5570515316724777, "time": 21.45084750175476, "epoch": 4, "iter": 78, "memory": 16791, "step": 78}
{"base_lr": 8.000000000000005e-05, "lr": 8.000000000000005e-05, "data_time": 0.01504091739654541, "loss": 0.8322964072227478, "loss_cls": 0.29188855856657026, "loss_bbox": 0.5404078459739685, "time": 21.433818531036376, "epoch": 4, "iter": 83, "memory": 16411, "step": 83}
{"coco/bbox_mAP": 0.163, "coco/bbox_mAP_50": 0.428, "coco/bbox_mAP_75": 0.08, "coco/bbox_mAP_s": -1.0, "coco/bbox_mAP_m": 0.081, "coco/bbox_mAP_l": 0.189, "data_time": 0.01349965731302897, "time": 0.45056994756062824, "step": 4}
{"base_lr": 8.000000000000005e-05, "lr": 8.000000000000005e-05, "data_time": 0.021020917892456054, "loss": 0.8055076372623443, "loss_cls": 0.284381648004055, "loss_bbox": 0.5211259865760803, "time": 21.05095808982849, "epoch": 5, "iter": 89, "memory": 16788, "step": 89}
{"base_lr": 8.000000000000005e-05, "lr": 8.000000000000005e-05, "data_time": 0.015180978775024414, "loss": 0.783443717956543, "loss_cls": 0.2739881217479706, "loss_bbox": 0.5094555938243865, "time": 21.405213766098022, "epoch": 5, "iter": 94, "memory": 16655, "step": 94}
{"base_lr": 8.000000000000005e-05, "lr": 8.000000000000005e-05, "data_time": 0.015241045951843262, "loss": 0.7718205606937408, "loss_cls": 0.2701067379117012, "loss_bbox": 0.5017138200998307, "time": 22.473992586135864, "epoch": 5, "iter": 99, "memory": 16631, "step": 99}
{"base_lr": 8.000000000000005e-05, "lr": 8.000000000000005e-05, "data_time": 0.015281143188476563, "loss": 0.7649300646781921, "loss_cls": 0.2671858748793602, "loss_bbox": 0.49774418592453, "time": 23.752417111396788, "epoch": 5, "iter": 104, "memory": 16217, "step": 104}
{"coco/bbox_mAP": 0.191, "coco/bbox_mAP_50": 0.444, "coco/bbox_mAP_75": 0.097, "coco/bbox_mAP_s": -1.0, "coco/bbox_mAP_m": 0.13, "coco/bbox_mAP_l": 0.211, "data_time": 0.012666781743367514, "time": 0.6502195994059244, "step": 5}
{"base_lr": 7.972818320098987e-05, "lr": 7.972818320098987e-05, "data_time": 0.02078126907348633, "loss": 0.7511208891868592, "loss_cls": 0.26241067588329314, "loss_bbox": 0.4887102103233337, "time": 24.66215878486633, "epoch": 6, "iter": 110, "memory": 16431, "step": 110}
{"base_lr": 7.863058870644248e-05, "lr": 7.863058870644248e-05, "data_time": 0.016401381492614747, "loss": 0.7408937323093414, "loss_cls": 0.25925659120082856, "loss_bbox": 0.48163713812828063, "time": 26.02766194820404, "epoch": 6, "iter": 115, "memory": 16073, "step": 115}
{"base_lr": 7.671472739041886e-05, "lr": 7.671472739041886e-05, "data_time": 0.01650144100189209, "loss": 0.7320026504993439, "loss_cls": 0.25727342188358304, "loss_bbox": 0.47472922563552855, "time": 26.73277286052704, "epoch": 6, "iter": 120, "memory": 16779, "step": 120}
{"base_lr": 7.402339642885352e-05, "lr": 7.402339642885352e-05, "data_time": 0.01656137466430664, "loss": 0.7126974260807037, "loss_cls": 0.2509338346123695, "loss_bbox": 0.46176358699798586, "time": 27.266937012672425, "epoch": 6, "iter": 125, "memory": 16631, "step": 125}
{"coco/bbox_mAP": 0.194, "coco/bbox_mAP_50": 0.428, "coco/bbox_mAP_75": 0.132, "coco/bbox_mAP_s": -1.0, "coco/bbox_mAP_m": 0.135, "coco/bbox_mAP_l": 0.214, "data_time": 0.011333346366882324, "time": 0.6124424537022909, "step": 6}
{"base_lr": 6.985597112953344e-05, "lr": 6.985597112953344e-05,